fs,T,gdot,N_AlAl_rcut,N_MgAl_rcut,ratio_AlAl_MgAl_rcut,AlAl_peak,r_AlAl_peak_A,r_cut_A,peak_rmin_A,peak_rmax_A,rdf_timestep,rdf_file,fs_label
20,865.0,0.0,0.438123,0.928429,0.4718971509937755,1.46142,2.895,3.8,2.5,3.6,500000,AZ91_fs20_T865.0_shearYZ_gdot0.0\rdf.production.AZ91.fs20.T865.0.gdot0.0.dat,fs20
20,865.0,0.001,0.426118,0.91799,0.4641858843778255,1.50435,2.805,3.8,2.5,3.6,500000,AZ91_fs20_T865.0_shearYZ_gdot0.001\rdf.production.AZ91.fs20.T865.0.gdot0.001.dat,fs20
20,865.0,0.005,0.419658,0.902823,0.4648286541215719,1.60098,2.775,3.8,2.5,3.6,100000,AZ91_fs20_T865.0_shearYZ_gdot0.005\rdf.production.AZ91.fs20.T865.0.gdot0.005.dat,fs20
20,865.0,0.01,0.426908,0.902924,0.4728061276475097,1.66622,2.775,3.8,2.5,3.6,50000,AZ91_fs20_T865.0_shearYZ_gdot0.01\rdf.production.AZ91.fs20.T865.0.gdot0.01.dat,fs20
20,865.0,0.02,0.427862,0.903536,0.47354172938322325,1.7145,2.775,3.8,2.5,3.6,25000,AZ91_fs20_T865.0_shearYZ_gdot0.02\rdf.production.AZ91.fs20.T865.0.gdot0.02.dat,fs20
40,852.0,0.0,0.51299,0.966163,0.530955956707098,1.51958,2.985,3.8,2.5,3.6,500000,AZ91_fs40_T852.0_shearYZ_gdot0.0\rdf.production.AZ91.fs40.T852.0.gdot0.0.dat,fs40
40,852.0,0.001,0.488892,0.959348,0.5096086091804017,1.4816,2.835,3.8,2.5,3.6,500000,AZ91_fs40_T852.0_shearYZ_gdot0.001\rdf.production.AZ91.fs40.T852.0.gdot0.001.dat,fs40
40,852.0,0.005,0.493922,0.925614,0.5336155243978592,1.67813,2.805,3.8,2.5,3.6,100000,AZ91_fs40_T852.0_shearYZ_gdot0.005\rdf.production.AZ91.fs40.T852.0.gdot0.005.dat,fs40
40,852.0,0.01,0.505902,0.919978,0.5499066282019788,1.75606,2.805,3.8,2.5,3.6,50000,AZ91_fs40_T852.0_shearYZ_gdot0.01\rdf.production.AZ91.fs40.T852.0.gdot0.01.dat,fs40
40,852.0,0.02,0.502741,0.91978,0.5465883145969688,1.79252,2.805,3.8,2.5,3.6,25000,AZ91_fs40_T852.0_shearYZ_gdot0.02\rdf.production.AZ91.fs40.T852.0.gdot0.02.dat,fs40
60,833.0,0.0,0.541805,0.977934,0.554030231078989,1.59587,2.925,3.8,2.5,3.6,500000,AZ91_fs60_T833.0_shearYZ_gdot0.0\rdf.production.AZ91.fs60.T833.0.gdot0.0.dat,fs60
60,833.0,0.001,0.543938,0.973738,0.5586081677001411,1.60277,2.985,3.8,2.5,3.6,500000,AZ91_fs60_T833.0_shearYZ_gdot0.001\rdf.production.AZ91.fs60.T833.0.gdot0.001.dat,fs60
60,833.0,0.005,0.540689,0.938633,0.5760387712769527,1.76344,2.835,3.8,2.5,3.6,100000,AZ91_fs60_T833.0_shearYZ_gdot0.005\rdf.production.AZ91.fs60.T833.0.gdot0.005.dat,fs60
60,833.0,0.01,0.533388,0.931843,0.572401144828045,1.81756,2.805,3.8,2.5,3.6,50000,AZ91_fs60_T833.0_shearYZ_gdot0.01\rdf.production.AZ91.fs60.T833.0.gdot0.01.dat,fs60
60,833.0,0.02,0.539597,0.928465,0.5811710726844846,1.87237,2.805,3.8,2.5,3.6,25000,AZ91_fs60_T833.0_shearYZ_gdot0.02\rdf.production.AZ91.fs60.T833.0.gdot0.02.dat,fs60
80,813.0,0.0,0.574898,0.983216,0.5847118028998715,1.71005,2.985,3.8,2.5,3.6,500000,AZ91_fs80_T813.0_shearYZ_gdot0.0\rdf.production.AZ91.fs80.T813.0.gdot0.0.dat,fs80
80,813.0,0.001,0.556244,0.972309,0.5720856229861083,1.72932,2.955,3.8,2.5,3.6,500000,AZ91_fs80_T813.0_shearYZ_gdot0.001\rdf.production.AZ91.fs80.T813.0.gdot0.001.dat,fs80
80,813.0,0.005,0.56283,0.945469,0.5952918604417491,1.7745,2.835,3.8,2.5,3.6,100000,AZ91_fs80_T813.0_shearYZ_gdot0.005\rdf.production.AZ91.fs80.T813.0.gdot0.005.dat,fs80
80,813.0,0.01,0.567484,0.938026,0.6049768343308181,1.8658,2.865,3.8,2.5,3.6,50000,AZ91_fs80_T813.0_shearYZ_gdot0.01\rdf.production.AZ91.fs80.T813.0.gdot0.01.dat,fs80
80,813.0,0.02,0.567233,0.93276,0.6081232042540418,1.97706,2.835,3.8,2.5,3.6,25000,AZ91_fs80_T813.0_shearYZ_gdot0.02\rdf.production.AZ91.fs80.T813.0.gdot0.02.dat,fs80
